customer_id,cluster_kmeans
12346.0,3
12347.0,1
12348.0,1
12349.0,1
12350.0,3
12351.0,3
12352.0,1
12353.0,3
12354.0,4
12355.0,3
12356.0,4
12357.0,4
12358.0,1
12359.0,1
12360.0,1
12361.0,3
12362.0,1
12363.0,3
12364.0,1
12365.0,3
12366.0,3
12367.0,3
12368.0,3
12369.0,1
12370.0,1
12371.0,1
12372.0,3
12373.0,3
12374.0,1
12375.0,3
12376.0,3
12377.0,1
12378.0,4
12379.0,1
12380.0,1
12381.0,1
12383.0,1
12384.0,3
12385.0,4
12386.0,3
12387.0,3
12388.0,1
12389.0,3
12390.0,3
12391.0,1
12392.0,3
12393.0,1
12394.0,3
12395.0,1
12396.0,3
12397.0,4
12398.0,4
12399.0,1
12400.0,3
12401.0,0
12402.0,3
12403.0,3
12404.0,0
12405.0,4
12406.0,4
12407.0,3
12408.0,1
12409.0,4
12410.0,3
12411.0,3
12412.0,1
12413.0,3
12414.0,3
12415.0,4
12416.0,3
12417.0,1
12418.0,1
12419.0,3
12420.0,3
12421.0,3
12422.0,1
12423.0,1
12424.0,1
12425.0,1
12426.0,1
12427.0,3
12428.0,1
12429.0,1
12430.0,3
12431.0,1
12432.0,1
12433.0,4
12434.0,1
12435.0,4
12436.0,3
12437.0,1
12438.0,4
12439.0,3
12440.0,3
12441.0,3
12442.0,3
12443.0,3
12444.0,1
12445.0,3
12446.0,3
12447.0,3
12448.0,3
12449.0,1
12450.0,3
12451.0,4
12452.0,3
12453.0,3
12454.0,4
12455.0,1
12456.0,1
12457.0,1
12458.0,3
12459.0,3
12460.0,3
12461.0,3
12462.0,1
12463.0,1
12464.0,3
12465.0,3
12466.0,0
12467.0,3
12468.0,1
12469.0,4
12470.0,3
12471.0,1
12472.0,4
12473.0,1
12474.0,1
12475.0,3
12476.0,1
12477.0,4
12478.0,3
12479.0,3
12480.0,1
12481.0,4
12482.0,4
12483.0,1
12484.0,1
12485.0,3
12486.0,3
12487.0,0
12488.0,3
12489.0,3
12490.0,1
12491.0,3
12492.0,3
12493.0,3
12494.0,1
12495.0,3
12496.0,0
12497.0,4
12498.0,3
12499.0,3
12500.0,1
12501.0,4
12502.0,1
12503.0,0
12504.0,3
12505.0,3
12506.0,3
12507.0,1
12508.0,3
12509.0,3
12510.0,1
12511.0,4
12512.0,3
12513.0,3
12514.0,3
12515.0,3
12516.0,1
12517.0,1
12518.0,1
12519.0,3
12520.0,1
12521.0,3
12522.0,3
12523.0,1
12524.0,1
12525.0,3
12526.0,3
12527.0,3
12528.0,1
12529.0,3
12530.0,1
12531.0,4
12532.0,3
12533.0,1
12534.0,4
12535.0,3
12536.0,4
12537.0,3
12538.0,3
12539.0,4
12540.0,1
12541.0,3
12542.0,3
12543.0,4
12544.0,3
12545.0,3
12546.0,1
12547.0,3
12548.0,3
12549.0,3
12550.0,3
12551.0,3
12552.0,3
12553.0,1
12554.0,3
12555.0,0
12556.0,3
12557.0,4
12558.0,3
12559.0,3
12560.0,1
12561.0,3
12562.0,1
12563.0,3
12564.0,3
12565.0,3
12566.0,3
12567.0,1
12568.0,0
12569.0,1
12570.0,0
12571.0,3
12572.0,1
12573.0,3
12574.0,3
12575.0,3
12576.0,1
12577.0,1
12578.0,4
12579.0,3
12580.0,3
12581.0,3
12582.0,1
12583.0,1
12584.0,1
12585.0,4
12586.0,1
12587.0,0
12588.0,3
12589.0,1
12590.0,4
12591.0,3
12592.0,1
12593.0,3
12594.0,1
12595.0,3
12596.0,3
12597.0,4
12598.0,1
12599.0,1
12600.0,1
12601.0,3
12602.0,3
12603.0,0
12604.0,3
12605.0,3
12606.0,0
12607.0,4
12608.0,3
12609.0,1
12610.0,1
12611.0,4
12612.0,3
12613.0,1
12614.0,3
12615.0,1
12616.0,1
12617.0,3
12618.0,3
12619.0,1
12620.0,1
12621.0,1
12622.0,3
12623.0,1
12624.0,3
12625.0,4
12626.0,1
12627.0,1
12628.0,3
12629.0,3
12630.0,3
12631.0,1
12632.0,3
12633.0,4
12634.0,3
12635.0,1
12636.0,0
12637.0,1
12638.0,3
12639.0,3
12640.0,3
12641.0,3
12642.0,3
12643.0,1
12644.0,1
12645.0,1
12646.0,3
12647.0,1
12648.0,3
12649.0,1
12650.0,3
12651.0,3
12652.0,3
12653.0,4
12654.0,3
12655.0,3
12656.0,1
12657.0,1
12658.0,3
12659.0,3
12660.0,3
12661.0,3
12662.0,1
12663.0,3
12664.0,1
12665.0,3
12666.0,1
12667.0,3
12668.0,4
12669.0,1
12670.0,1
12671.0,4
12672.0,3
12673.0,3
12674.0,1
12675.0,3
12676.0,1
12677.0,3
12678.0,4
12679.0,1
12680.0,3
12681.0,1
12682.0,1
12683.0,1
12684.0,1
12685.0,1
12686.0,3
12687.0,4
12688.0,4
12689.0,3
12690.0,3
12691.0,3
12692.0,3
12693.0,1
12694.0,1
12695.0,3
12696.0,3
12697.0,3
12698.0,3
12699.0,3
12700.0,4
12701.0,1
12702.0,3
12703.0,1
12704.0,1
12705.0,4
12707.0,3
12708.0,1
12709.0,4
12710.0,1
12711.0,3
12712.0,1
12713.0,3
12714.0,4
12715.0,3
12716.0,3
12717.0,1
12718.0,3
12719.0,3
12720.0,1
12721.0,1
12722.0,1
12723.0,3
12724.0,1
12725.0,1
12726.0,1
12727.0,1
12728.0,3
12729.0,3
12730.0,3
12731.0,4
12732.0,3
12733.0,1
12734.0,3
12735.0,3
12736.0,3
12737.0,0
12738.0,3
12739.0,1
12740.0,3
12741.0,3
12742.0,4
12743.0,3
12744.0,4
12745.0,3
12746.0,3
12747.0,1
12748.0,1
12749.0,1
12750.0,3
12751.0,3
12752.0,4
12753.0,4
12754.0,1
12755.0,1
12756.0,0
12757.0,1
12758.0,4
12759.0,1
12760.0,3
12761.0,3
12762.0,4
12763.0,3
12764.0,4
12765.0,3
12766.0,4
12767.0,3
12768.0,3
12769.0,3
12770.0,4
12771.0,3
12772.0,3
12773.0,0
12774.0,3
12775.0,1
12776.0,0
12777.0,3
12778.0,1
12779.0,1
12780.0,3
12781.0,1
12782.0,1
12783.0,1
12784.0,1
12785.0,3
12786.0,3
12787.0,3
12788.0,3
12789.0,0
12790.0,3
12791.0,3
12792.0,3
12793.0,3
12794.0,3
12795.0,3
12796.0,3
12797.0,3
12798.0,1
12799.0,3
12800.0,3
12801.0,3
12802.0,1
12803.0,4
12804.0,3
12805.0,3
12806.0,1
12807.0,3
12808.0,3
12809.0,1
12810.0,3
12811.0,3
12812.0,3
12813.0,3
12814.0,0
12815.0,3
12816.0,3
12817.0,3
12818.0,4
12819.0,3
12820.0,1
12821.0,3
12822.0,1
12823.0,3
12824.0,3
12825.0,3
12826.0,1
12827.0,3
12828.0,3
12829.0,3
12830.0,4
12831.0,3
12832.0,3
12833.0,3
12834.0,3
12835.0,1
12836.0,1
12837.0,3
12838.0,1
12839.0,1
12840.0,1
12841.0,1
12842.0,3
12843.0,1
12844.0,3
12845.0,0
12846.0,0
12847.0,4
12848.0,3
12849.0,1
12850.0,0
12851.0,3
12852.0,3
12853.0,1
12854.0,1
12855.0,3
12856.0,1
12857.0,1
12858.0,3
12859.0,3
12860.0,3
12861.0,0
12862.0,3
12863.0,1
12864.0,0
12865.0,1
12866.0,3
12867.0,1
12868.0,1
12869.0,3
12870.0,1
12871.0,3
12872.0,1
12873.0,3
12874.0,3
12875.0,0
12876.0,4
12877.0,1
12878.0,3
12879.0,3
12880.0,3
12881.0,3
12882.0,3
12883.0,3
12884.0,3
12885.0,1
12886.0,1
12887.0,3
12888.0,0
12889.0,3
12890.0,3
12891.0,0
12892.0,3
12893.0,3
12894.0,3
12895.0,3
12897.0,3
12898.0,3
12899.0,3
12900.0,3
12901.0,1
12902.0,3
12903.0,3
12904.0,3
12905.0,3
12906.0,1
12907.0,3
12908.0,0
12909.0,1
12910.0,1
12911.0,4
12912.0,3
12913.0,1
12914.0,3
12915.0,1
12916.0,1
12917.0,1
12918.0,0
12919.0,1
12920.0,3
12921.0,1
12922.0,3
12923.0,3
12924.0,1
12925.0,3
12926.0,3
12927.0,3
12928.0,1
12929.0,3
12930.0,3
12931.0,4
12932.0,3
12933.0,1
12934.0,0
12935.0,1
12936.0,1
12937.0,1
12938.0,3
12939.0,1
12940.0,1
12941.0,3
12942.0,3
12943.0,3
12944.0,3
12945.0,3
12946.0,3
12947.0,1
12948.0,1
12949.0,1
12950.0,3
12951.0,1
12952.0,1
12953.0,3
12954.0,3
12955.0,1
12956.0,3
12957.0,1
12958.0,3
12959.0,3
12960.0,3
12961.0,3
12962.0,3
12963.0,1
12964.0,3
12965.0,3
12966.0,3
12967.0,4
12968.0,0
12969.0,0
12970.0,1
12971.0,1
12972.0,3
12973.0,3
12974.0,3
12975.0,1
12976.0,1
12977.0,3
12978.0,1
12979.0,3
12980.0,1
12981.0,3
12982.0,1
12983.0,3
12984.0,0
12985.0,1
12986.0,1
12987.0,1
12988.0,3
12989.0,1
12990.0,3
12991.0,3
12992.0,3
12993.0,1
12994.0,1
12995.0,0
12996.0,3
12997.0,1
12998.0,3
12999.0,3
13000.0,1
13001.0,1
13002.0,3
13003.0,0
13004.0,1
13005.0,3
13006.0,0
13007.0,3
13008.0,3
13009.0,3
13010.0,3
13011.0,0
13012.0,1
13013.0,1
13014.0,1
13015.0,1
13016.0,3
13017.0,0
13018.0,1
13019.0,3
13020.0,3
13021.0,1
13022.0,0
13023.0,3
13024.0,3
13025.0,3
13026.0,1
13027.0,1
13028.0,3
13029.0,0
13030.0,3
13031.0,1
13032.0,1
13033.0,3
13034.0,3
13035.0,1
13036.0,3
13037.0,1
13038.0,3
13039.0,3
13040.0,3
13041.0,3
13042.0,1
13043.0,3
13044.0,1
13045.0,3
13046.0,3
13047.0,1
13048.0,1
13049.0,3
13050.0,1
13051.0,0
13052.0,1
13053.0,3
13055.0,1
13056.0,3
13057.0,3
13058.0,0
13059.0,1
13060.0,3
13061.0,3
13062.0,3
13063.0,3
13064.0,3
13065.0,3
13066.0,3
13067.0,3
13068.0,0
13069.0,1
13070.0,3
13071.0,3
13072.0,3
13073.0,3
13074.0,3
13075.0,3
13076.0,3
13077.0,1
13078.0,1
13079.0,3
13080.0,3
13081.0,4
13082.0,1
13083.0,3
13084.0,0
13085.0,1
13086.0,3
13087.0,3
13088.0,3
13089.0,1
13090.0,1
13091.0,1
13092.0,1
13093.0,4
13094.0,1
13095.0,3
13096.0,0
13097.0,1
13098.0,4
13099.0,0
13101.0,3
13102.0,1
13103.0,3
13104.0,3
13105.0,0
13106.0,3
13107.0,1
13108.0,3
13109.0,1
13110.0,1
13111.0,3
13112.0,0
13113.0,1
13114.0,3
13115.0,1
13116.0,3
13117.0,1
13118.0,1
13119.0,3
13120.0,0
13121.0,3
13122.0,3
13123.0,3
13124.0,4
13125.0,3
13126.0,1
13127.0,3
13128.0,0
13129.0,3
13130.0,0
13131.0,1
13132.0,0
13133.0,3
13134.0,1
13135.0,3
13136.0,1
13137.0,1
13138.0,1
13139.0,4
13140.0,3
13141.0,1
13142.0,3
13143.0,3
13144.0,0
13145.0,0
13146.0,3
13147.0,0
13148.0,1
13149.0,1
13150.0,3
13151.0,1
13152.0,1
13153.0,3
13154.0,1
13155.0,1
13156.0,3
13157.0,1
13158.0,3
13159.0,1
13160.0,0
13161.0,3
13162.0,1
13163.0,0
13164.0,3
13165.0,1
13166.0,3
13167.0,3
13168.0,1
13169.0,3
13170.0,3
13171.0,3
13172.0,0
13173.0,1
13174.0,1
13175.0,3
13176.0,3
13177.0,3
13178.0,1
13179.0,3
13180.0,0
13181.0,3
13182.0,3
13183.0,1
13184.0,1
13185.0,0
13186.0,1
13187.0,3
13188.0,0
13189.0,3
13190.0,3
13191.0,3
13192.0,1
13193.0,3
13194.0,3
13195.0,3
13196.0,1
13197.0,3
13198.0,1
13199.0,1
13200.0,3
13201.0,3
13202.0,3
13203.0,1
13204.0,3
13205.0,0
13206.0,1
13207.0,3
13208.0,1
13209.0,1
13210.0,3
13211.0,1
13212.0,1
13213.0,1
13214.0,1
13215.0,0
13216.0,3
13217.0,0
13218.0,0
13219.0,3
13220.0,3
13221.0,3
13222.0,0
13223.0,3
13224.0,4
13225.0,1
13226.0,3
13227.0,3
13228.0,0
13229.0,3
13230.0,1
13232.0,1
13233.0,1
13234.0,3
13235.0,1
13236.0,3
13237.0,3
13238.0,3
13239.0,1
13240.0,1
13241.0,3
13242.0,3
13243.0,3
13244.0,3
13245.0,3
13246.0,1
13247.0,3
13248.0,3
13249.0,3
13250.0,3
13251.0,3
13252.0,3
13253.0,4
13254.0,0
13255.0,3
13256.0,0
13257.0,3
13258.0,3
13259.0,1
13260.0,3
13261.0,3
13262.0,3
13263.0,1
13264.0,3
13265.0,1
13266.0,1
13267.0,1
13268.0,1
13269.0,1
13270.0,0
13271.0,3
13272.0,3
13273.0,3
13274.0,3
13275.0,3
13276.0,1
13277.0,3
13278.0,1
13279.0,3
13280.0,1
13281.0,3
13282.0,1
13283.0,3
13284.0,3
13285.0,1
13286.0,3
13287.0,3
13288.0,0
13289.0,3
13290.0,0
13291.0,1
13292.0,3
13293.0,3
13294.0,1
13295.0,3
13296.0,3
13297.0,1
13298.0,0
13299.0,1
13300.0,3
13301.0,3
13302.0,0
13303.0,0
13304.0,1
13305.0,1
13306.0,0
13307.0,3
13308.0,1
13309.0,1
13310.0,1
13311.0,3
13312.0,0
13313.0,1
13314.0,1
13315.0,3
13316.0,4
13317.0,1
13318.0,3
13319.0,1
13320.0,1
13321.0,3
13322.0,3
13323.0,3
13324.0,1
13325.0,3
13326.0,3
13327.0,1
13328.0,4
13329.0,1
13330.0,1
13331.0,3
13332.0,3
13333.0,3
13334.0,4
13336.0,3
13337.0,4
13338.0,1
13339.0,3
13340.0,4
13341.0,3
13343.0,3
13344.0,1
13345.0,3
13346.0,0
13347.0,3
13348.0,3
13349.0,3
13350.0,3
13351.0,3
13352.0,3
13354.0,3
13355.0,3
13356.0,3
13357.0,1
13358.0,3
13359.0,1
13360.0,1
13361.0,3
13362.0,1
13363.0,1
13364.0,3
13365.0,4
13366.0,0
13367.0,3
13368.0,3
13369.0,3
13370.0,4
13371.0,4
13372.0,3
13373.0,4
13374.0,3
13375.0,1
13376.0,3
13377.0,1
13379.0,3
13380.0,0
13381.0,1
13382.0,3
13383.0,0
13384.0,1
13385.0,3
13386.0,3
13387.0,3
13388.0,1
13389.0,3
13390.0,3
13391.0,0
13392.0,3
13393.0,3
13394.0,1
13395.0,3
13396.0,1
13397.0,1
13398.0,3
13399.0,3
13400.0,3
13402.0,3
13403.0,3
13404.0,3
13405.0,3
13406.0,3
13407.0,4
13408.0,1
13410.0,1
13411.0,3
13412.0,3
13413.0,3
13414.0,1
13415.0,3
13416.0,3
13417.0,1
13418.0,1
13419.0,3
13420.0,3
13421.0,1
13422.0,4
13423.0,3
13424.0,3
13425.0,1
13426.0,1
13427.0,3
13428.0,3
13429.0,3
13430.0,1
13431.0,1
13432.0,3
13433.0,3
13434.0,3
13435.0,1
13436.0,3
13437.0,1
13438.0,0
13439.0,3
13440.0,1
13441.0,3
13442.0,3
13443.0,1
13444.0,3
13445.0,3
13446.0,1
13447.0,1
13448.0,1
13449.0,3
13450.0,1
13451.0,1
13452.0,0
13453.0,3
13454.0,3
13455.0,1
13456.0,1
13457.0,3
13458.0,1
13459.0,3
13460.0,3
13461.0,1
13462.0,3
13464.0,1
13465.0,3
13466.0,1
13467.0,3
13468.0,1
13469.0,0
13470.0,3
13471.0,1
13472.0,3
13473.0,1
13474.0,3
13475.0,3
13476.0,1
13477.0,1
13478.0,1
13479.0,3
13480.0,3
13481.0,1
13482.0,3
13483.0,3
13484.0,3
13485.0,1
13486.0,3
13487.0,3
13488.0,1
13489.0,3
13490.0,3
13491.0,1
13492.0,3
13493.0,3
13494.0,3
13495.0,1
13496.0,3
13497.0,1
13498.0,3
13499.0,1
13500.0,1
13501.0,1
13502.0,3
13503.0,1
13504.0,3
13505.0,4
13506.0,1
13507.0,1
13508.0,3
13509.0,3
13510.0,1
13511.0,0
13512.0,3
13513.0,3
13514.0,3
13515.0,3
13516.0,1
13517.0,1
13518.0,3
13519.0,3
13520.0,1
13521.0,1
13522.0,3
13523.0,1
13524.0,3
13525.0,0
13526.0,4
13527.0,1
13529.0,3
13530.0,3
13531.0,3
13532.0,3
13533.0,3
13534.0,1
13535.0,0
13536.0,1
13537.0,3
13538.0,1
13539.0,1
13540.0,3
13541.0,3
13542.0,1
13543.0,3
13544.0,1
13545.0,3
13546.0,3
13547.0,3
13548.0,3
13549.0,3
13550.0,3
13551.0,0
13552.0,1
13553.0,3
13554.0,1
13555.0,1
13556.0,3
13557.0,1
13558.0,3
13559.0,0
13560.0,3
13561.0,1
13562.0,1
13563.0,3
13564.0,1
13565.0,3
13566.0,1
13567.0,3
13568.0,3
13569.0,3
13570.0,3
13571.0,1
13572.0,4
13573.0,3
13574.0,3
13575.0,3
13576.0,1
13577.0,1
13578.0,0
13579.0,1
13580.0,0
13581.0,3
13582.0,3
13583.0,1
13584.0,3
13585.0,3
13586.0,3
13587.0,1
13588.0,1
13589.0,3
13590.0,1
13591.0,1
13592.0,3
13593.0,1
13594.0,3
13595.0,3
13596.0,3
13597.0,3
13598.0,3
13599.0,1
13600.0,3
13601.0,1
13602.0,3
13603.0,3
13604.0,3
13605.0,3
13606.0,3
13607.0,1
13608.0,3
13609.0,3
13610.0,1
13611.0,1
13612.0,3
13613.0,3
13614.0,1
13615.0,1
13616.0,3
13617.0,1
13618.0,3
13619.0,3
13620.0,0
13621.0,3
13622.0,3
13623.0,1
13624.0,3
13625.0,3
13626.0,3
13627.0,1
13628.0,3
13629.0,1
13630.0,1
13631.0,1
13632.0,1
13634.0,1
13635.0,1
13636.0,3
13637.0,3
13638.0,3
13639.0,1
13640.0,3
13641.0,3
13642.0,3
13643.0,1
13644.0,1
13645.0,3
13646.0,3
13647.0,1
13648.0,1
13649.0,3
13650.0,1
13651.0,3
13652.0,1
13653.0,3
13654.0,1
13655.0,1
13656.0,1
13657.0,3
13658.0,1
13659.0,1
13660.0,3
13661.0,3
13662.0,1
13663.0,1
13665.0,1
13666.0,3
13667.0,3
13668.0,1
13669.0,3
13670.0,3
13671.0,3
13672.0,3
13673.0,3
13674.0,3
13675.0,3
13676.0,3
13677.0,3
13678.0,3
13679.0,3
13680.0,1
13681.0,3
13682.0,0
13683.0,3
13684.0,3
13685.0,3
13686.0,3
13687.0,4
13688.0,3
13689.0,3
13690.0,3
13691.0,3
13692.0,1
13693.0,1
13694.0,4
13695.0,1
13696.0,3
13697.0,3
13698.0,3
13699.0,3
13700.0,1
13701.0,3
13702.0,3
13703.0,3
13704.0,1
13705.0,3
13706.0,3
13707.0,1
13708.0,3
13709.0,1
13710.0,3
13711.0,1
13712.0,3
13713.0,3
13714.0,3
13715.0,1
13716.0,3
13717.0,1
13718.0,3
13719.0,1
13720.0,3
13721.0,3
13722.0,1
13723.0,3
13724.0,3
13725.0,1
13726.0,3
13727.0,1
13728.0,1
13729.0,3
13730.0,3
13731.0,3
13732.0,3
13733.0,3
13734.0,0
13735.0,1
13736.0,1
13737.0,3
13738.0,3
13739.0,3
13740.0,3
13741.0,3
13742.0,1
13743.0,3
13744.0,1
13745.0,1
13746.0,3
13747.0,0
13748.0,3
13750.0,1
13751.0,3
13752.0,3
13753.0,1
13754.0,3
13755.0,1
13756.0,1
13757.0,0
13758.0,1
13759.0,3
13760.0,3
13761.0,1
13762.0,1
13763.0,4
13764.0,1
13765.0,3
13766.0,3
13767.0,1
13768.0,3
13769.0,1
13770.0,3
13771.0,1
13772.0,1
13773.0,3
13774.0,3
13775.0,3
13776.0,0
13777.0,1
13778.0,3
13779.0,3
13780.0,3
13781.0,3
13782.0,1
13783.0,3
13784.0,1
13785.0,3
13786.0,1
13787.0,1
13788.0,0
13789.0,3
13790.0,3
13791.0,1
13792.0,3
13793.0,3
13794.0,3
13795.0,3
13796.0,3
13797.0,3
13798.0,1
13799.0,1
13800.0,3
13801.0,3
13802.0,4
13803.0,1
13804.0,1
13805.0,3
13806.0,3
13807.0,3
13808.0,1
13809.0,3
13810.0,3
13811.0,3
13812.0,3
13813.0,1
13814.0,1
13815.0,4
13816.0,3
13817.0,3
13818.0,0
13819.0,1
13820.0,3
13821.0,1
13822.0,3
13823.0,1
13824.0,1
13825.0,3
13826.0,3
13827.0,3
13828.0,3
13829.0,0
13830.0,3
13831.0,1
13832.0,3
13833.0,3
13834.0,3
13835.0,1
13836.0,3
13837.0,3
13838.0,1
13839.0,3
13840.0,3
13841.0,0
13842.0,1
13843.0,3
13844.0,3
13845.0,3
13846.0,1
13847.0,3
13848.0,0
13849.0,1
13850.0,4
13851.0,1
13852.0,3
13853.0,1
13854.0,1
13855.0,3
13856.0,1
13857.0,3
13858.0,3
13859.0,3
13860.0,1
13861.0,3
13862.0,1
13863.0,3
13864.0,0
13865.0,3
13866.0,3
13867.0,3
13868.0,3
13869.0,1
13870.0,1
13871.0,1
13872.0,3
13873.0,3
13874.0,1
13875.0,1
13876.0,3
13877.0,3
13878.0,1
13879.0,3
13880.0,1
13881.0,4
13882.0,1
13883.0,1
13884.0,1
13885.0,3
13886.0,3
13887.0,3
13888.0,1
13889.0,1
13890.0,1
13891.0,3
13892.0,3
13893.0,3
13894.0,3
13895.0,1
13896.0,3
13897.0,3
13898.0,3
13899.0,3
13900.0,1
13901.0,1
13902.0,4
13903.0,3
13904.0,3
13905.0,3
13906.0,0
13907.0,0
13908.0,1
13909.0,3
13911.0,1
13912.0,3
13913.0,0
13914.0,3
13915.0,0
13916.0,3
13917.0,3
13918.0,3
13919.0,1
13920.0,1
13921.0,3
13922.0,3
13923.0,3
13924.0,1
13925.0,3
13926.0,3
13927.0,3
13928.0,3
13929.0,1
13930.0,3
13931.0,1
13932.0,3
13933.0,3
13934.0,3
13935.0,4
13936.0,3
13937.0,3
13938.0,3
13939.0,1
13940.0,3
13941.0,1
13942.0,0
13943.0,3
13944.0,3
13945.0,3
13946.0,1
13947.0,3
13948.0,3
13949.0,1
13950.0,3
13951.0,3
13952.0,1
13953.0,0
13954.0,3
13955.0,3
13956.0,3
13957.0,3
13958.0,1
13959.0,3
13960.0,3
13961.0,3
13962.0,3
13963.0,1
13964.0,3
13965.0,3
13966.0,3
13967.0,0
13968.0,3
13969.0,1
13970.0,3
13971.0,1
13972.0,3
13973.0,3
13974.0,3
13975.0,1
13976.0,3
13977.0,3
13978.0,3
13979.0,1
13980.0,3
13981.0,3
13982.0,1
13983.0,1
13984.0,1
13985.0,1
13986.0,3
13987.0,3
13988.0,1
13989.0,1
13990.0,3
13991.0,3
13992.0,3
13993.0,1
13994.0,1
13995.0,1
13996.0,3
13997.0,3
13998.0,3
13999.0,1
14000.0,1
14001.0,1
14002.0,3
14003.0,3
14004.0,1
14005.0,1
14006.0,1
14007.0,0
14008.0,3
14009.0,1
14010.0,3
14011.0,3
14012.0,3
14013.0,1
14014.0,1
14015.0,3
14016.0,4
14017.0,3
14018.0,3
14019.0,1
14020.0,1
14021.0,3
14022.0,3
14023.0,3
14024.0,3
14025.0,1
14026.0,3
14027.0,3
14028.0,3
14029.0,3
14030.0,1
14031.0,1
14032.0,1
14033.0,0
14034.0,1
14035.0,1
14036.0,3
14037.0,1
14038.0,1
14039.0,3
14040.0,1
14041.0,3
14042.0,3
14043.0,3
14044.0,1
14045.0,1
14046.0,3
14047.0,1
14048.0,3
14049.0,4
14050.0,3
14051.0,1
14052.0,3
14053.0,0
14054.0,3
14055.0,3
14056.0,1
14057.0,1
14058.0,3
14059.0,3
14060.0,1
14061.0,3
14062.0,4
14063.0,1
14064.0,1
14065.0,3
14066.0,3
14067.0,3
14068.0,1
14069.0,3
14070.0,3
14071.0,1
14072.0,3
14073.0,3
14074.0,3
14075.0,1
14076.0,3
14077.0,3
14078.0,3
14079.0,3
14080.0,3
14081.0,1
14082.0,3
14083.0,1
14084.0,3
14085.0,1
14086.0,0
14087.0,1
14088.0,4
14089.0,3
14090.0,0
14091.0,4
14092.0,1
14093.0,3
14094.0,3
14095.0,0
14096.0,4
14097.0,3
14098.0,3
14099.0,1
14100.0,3
14101.0,1
14102.0,1
14103.0,0
14104.0,3
14105.0,4
14106.0,0
14107.0,1
14108.0,3
14109.0,3
14110.0,1
14111.0,3
14112.0,1
14113.0,1
14114.0,3
14115.0,3
14116.0,3
14117.0,0
14118.0,3
14119.0,3
14121.0,1
14122.0,3
14123.0,3
14124.0,3
14125.0,4
14126.0,1
14127.0,1
14128.0,3
14129.0,1
14130.0,1
14131.0,3
14132.0,1
14133.0,3
14134.0,1
14135.0,1
14136.0,1
14137.0,3
14138.0,3
14139.0,3
14140.0,1
14141.0,3
14142.0,3
14143.0,3
14144.0,0
14145.0,1
14146.0,4
14147.0,1
14148.0,3
14149.0,3
14150.0,3
14151.0,3
14152.0,1
14153.0,3
14154.0,1
14155.0,3
14156.0,4
14157.0,1
14158.0,3
14159.0,1
14160.0,4
14161.0,1
14162.0,3
14163.0,3
14164.0,3
14165.0,3
14166.0,3
14167.0,3
14168.0,3
14169.0,3
14170.0,3
14171.0,3
14172.0,3
14173.0,3
14174.0,3
14175.0,1
14176.0,3
14177.0,1
14178.0,1
14179.0,3
14180.0,1
14181.0,3
14182.0,3
14183.0,3
14184.0,3
14185.0,0
14186.0,3
14187.0,3
14188.0,1
14189.0,1
14190.0,0
14191.0,1
14192.0,3
14193.0,3
14194.0,1
14195.0,1
14196.0,3
14197.0,3
14198.0,1
14199.0,3
14200.0,3
14201.0,1
14202.0,3
14203.0,3
14204.0,1
14205.0,1
14206.0,1
14207.0,0
14208.0,3
14209.0,1
14210.0,1
14211.0,1
14212.0,4
14213.0,1
14214.0,3
14215.0,1
14216.0,1
14217.0,1
14218.0,3
14219.0,3
14220.0,3
14221.0,1
14222.0,3
14223.0,3
14224.0,1
14225.0,1
14226.0,1
14227.0,1
14228.0,3
14229.0,1
14230.0,3
14231.0,1
14232.0,1
14233.0,1
14234.0,3
14235.0,1
14236.0,3
14237.0,3
14238.0,3
14239.0,1
14240.0,3
14241.0,3
14242.0,3
14243.0,1
14244.0,3
14245.0,1
14246.0,3
14247.0,3
14248.0,3
14249.0,1
14250.0,1
14251.0,1
14252.0,3
14253.0,3
14254.0,3
14255.0,0
14256.0,1
14257.0,1
14258.0,4
14259.0,3
14260.0,3
14261.0,3
14262.0,1
14263.0,3
14264.0,1
14265.0,3
14266.0,0
14267.0,1
14268.0,3
14269.0,3
14270.0,3
14271.0,3
14272.0,3
14273.0,3
14274.0,3
14275.0,3
14276.0,1
14277.0,4
14278.0,3
14279.0,0
14280.0,3
14281.0,3
14282.0,1
14283.0,3
14284.0,1
14285.0,1
14286.0,4
14287.0,3
14288.0,3
14289.0,3
14290.0,1
14291.0,1
14292.0,1
14293.0,1
14294.0,3
14295.0,1
14296.0,3
14297.0,1
14298.0,4
14299.0,1
14300.0,0
14301.0,1
14302.0,3
14303.0,3
14304.0,1
14305.0,1
14306.0,1
14307.0,1
14308.0,0
14309.0,1
14310.0,3
14311.0,3
14312.0,1
14314.0,3
14315.0,1
14316.0,3
14317.0,3
14318.0,3
14319.0,3
14320.0,1
14321.0,1
14322.0,3
14323.0,3
14324.0,3
14325.0,3
14326.0,3
14327.0,1
14328.0,0
14329.0,1
14330.0,3
14331.0,3
14332.0,3
14333.0,3
14334.0,1
14335.0,3
14336.0,1
14338.0,3
14339.0,3
14340.0,3
14341.0,1
14342.0,3
14343.0,3
14344.0,1
14345.0,3
14346.0,1
14347.0,0
14348.0,3
14349.0,3
14350.0,3
14351.0,0
14352.0,3
14353.0,3
14354.0,3
14355.0,3
14356.0,3
14357.0,3
14358.0,3
14359.0,3
14360.0,1
14361.0,3
14362.0,3
14363.0,3
14364.0,1
14365.0,3
14366.0,0
14367.0,1
14368.0,3
14369.0,3
14370.0,3
14371.0,0
14372.0,3
14373.0,0
14374.0,3
14375.0,3
14376.0,3
14377.0,3
14378.0,3
14379.0,3
14380.0,0
14381.0,3
14382.0,4
14383.0,3
14384.0,0
14385.0,3
14386.0,3
14387.0,1
14388.0,1
14389.0,1
14390.0,1
14391.0,3
14392.0,3
14393.0,0
14394.0,3
14395.0,1
14396.0,1
14397.0,1
14398.0,3
14399.0,1
14400.0,1
14401.0,1
14402.0,0
14403.0,1
14404.0,1
14405.0,0
14406.0,3
14407.0,1
14408.0,1
14409.0,1
14410.0,1
14411.0,3
14412.0,1
14413.0,3
14414.0,1
14415.0,1
14416.0,3
14417.0,3
14418.0,1
14419.0,3
14420.0,1
14421.0,1
14422.0,1
14423.0,0
14424.0,0
14425.0,3
14426.0,1
14427.0,3
14428.0,1
14429.0,3
14430.0,3
14431.0,1
14432.0,1
14433.0,3
14434.0,3
14435.0,0
14436.0,3
14437.0,3
14438.0,3
14439.0,4
14440.0,1
14441.0,1
14442.0,1
14443.0,1
14444.0,3
14445.0,3
14446.0,1
14447.0,1
14448.0,0
14449.0,1
14450.0,3
14451.0,1
14452.0,3
14453.0,3
14454.0,3
14455.0,3
14456.0,1
14457.0,0
14458.0,3
14459.0,4
14460.0,1
14461.0,1
14462.0,1
14463.0,3
14464.0,0
14465.0,1
14466.0,1
14467.0,1
14468.0,3
14469.0,3
14470.0,3
14471.0,3
14472.0,1
14473.0,3
14474.0,1
14475.0,1
14476.0,3
14477.0,3
14478.0,3
14479.0,3
14480.0,3
14481.0,1
14482.0,1
14483.0,3
14484.0,3
14485.0,3
14486.0,0
14487.0,1
14488.0,4
14489.0,3
14490.0,3
14491.0,3
14492.0,1
14493.0,1
14494.0,3
14495.0,3
14496.0,1
14497.0,3
14498.0,1
14499.0,1
14500.0,3
14501.0,3
14502.0,1
14503.0,1
14504.0,3
14505.0,1
14506.0,1
14507.0,1
14508.0,1
14509.0,3
14510.0,3
14511.0,1
14512.0,3
14513.0,3
14514.0,1
14515.0,1
14516.0,3
14517.0,3
14518.0,3
14519.0,3
14520.0,0
14521.0,3
14522.0,3
14523.0,3
14524.0,1
14525.0,1
14526.0,3
14527.0,1
14528.0,3
14529.0,3
14530.0,1
14531.0,3
14532.0,1
14533.0,1
14534.0,1
14535.0,1
14536.0,3
14537.0,3
14538.0,3
14539.0,3
14540.0,1
14541.0,1
14542.0,0
14543.0,1
14544.0,4
14545.0,3
14546.0,1
14547.0,1
14548.0,3
14549.0,3
14550.0,3
14551.0,3
14552.0,3
14553.0,1
14554.0,1
14555.0,1
14556.0,3
14557.0,1
14558.0,3
14559.0,0
14560.0,1
14561.0,3
14562.0,1
14563.0,3
14564.0,4
14565.0,1
14566.0,3
14567.0,3
14568.0,4
14569.0,3
14570.0,3
14571.0,3
14572.0,1
14573.0,1
14574.0,3
14575.0,3
14576.0,0
14577.0,3
14578.0,3
14579.0,3
14580.0,0
14581.0,3
14582.0,3
14583.0,1
14584.0,1
14585.0,3
14586.0,3
14587.0,1
14588.0,3
14589.0,0
14590.0,1
14591.0,1
14592.0,3
14593.0,1
14594.0,3
14595.0,1
14596.0,3
14597.0,1
14598.0,3
14599.0,3
14600.0,3
14601.0,3
14602.0,3
14603.0,0
14604.0,3
14605.0,3
14606.0,1
14607.0,4
14608.0,1
14609.0,3
14610.0,0
14611.0,3
14612.0,3
14613.0,0
14614.0,3
14615.0,3
14616.0,0
14617.0,3
14618.0,1
14619.0,1
14620.0,3
14621.0,1
14622.0,3
14623.0,1
14624.0,3
14625.0,1
14626.0,1
14627.0,3
14628.0,1
14629.0,1
14630.0,3
14631.0,1
14632.0,3
14633.0,3
14634.0,1
14635.0,3
14636.0,3
14637.0,3
14638.0,3
14639.0,1
14640.0,1
14641.0,3
14642.0,0
14643.0,1
14644.0,1
14645.0,3
14646.0,4
14647.0,3
14648.0,1
14649.0,1
14650.0,0
14651.0,1
14652.0,3
14653.0,1
14654.0,3
14655.0,1
14656.0,3
14657.0,1
14658.0,3
14659.0,1
14660.0,3
14661.0,0
14662.0,1
14663.0,3
14664.0,3
14665.0,1
14666.0,3
14667.0,1
14668.0,0
14669.0,1
14670.0,3
14671.0,3
14672.0,3
14673.0,1
14674.0,3
14675.0,1
14676.0,4
14677.0,3
14678.0,3
14679.0,3
14680.0,4
14681.0,3
14682.0,3
14683.0,3
14684.0,1
14685.0,1
14686.0,3
14687.0,3
14688.0,1
14689.0,3
14690.0,3
14691.0,3
14692.0,1
14693.0,3
14694.0,3
14695.0,1
14696.0,1
14697.0,3
14698.0,1
14699.0,3
14700.0,1
14701.0,1
14702.0,1
14703.0,3
14704.0,1
14705.0,0
14706.0,3
14707.0,0
14708.0,1
14709.0,1
14710.0,1
14711.0,1
14712.0,3
14713.0,1
14714.0,3
14715.0,1
14716.0,3
14717.0,3
14718.0,3
14719.0,1
14720.0,3
14721.0,3
14722.0,3
14723.0,1
14724.0,3
14725.0,1
14726.0,3
14727.0,3
14728.0,3
14729.0,3
14730.0,1
14731.0,3
14732.0,1
14733.0,4
14734.0,3
14735.0,1
14736.0,3
14737.0,1
14738.0,1
14739.0,1
14740.0,1
14741.0,3
14742.0,3
14743.0,0
14744.0,1
14745.0,1
14746.0,3
14747.0,3
14748.0,1
14749.0,3
14750.0,3
14751.0,0
14752.0,3
14753.0,3
14754.0,1
14755.0,1
14756.0,1
14757.0,3
14758.0,1
14759.0,1
14760.0,0
14761.0,3
14762.0,3
14764.0,3
14765.0,3
14766.0,1
14767.0,3
14768.0,0
14769.0,4
14770.0,1
14771.0,3
14772.0,3
14773.0,3
14774.0,3
14775.0,1
14776.0,1
14777.0,3
14778.0,3
14779.0,3
14780.0,3
14782.0,3
14783.0,3
14784.0,3
14785.0,0
14786.0,3
14787.0,3
14788.0,3
14789.0,3
14790.0,1
14791.0,3
14792.0,0
14793.0,3
14794.0,1
14795.0,3
14796.0,1
14797.0,3
14798.0,3
14799.0,3
14800.0,1
14801.0,3
14802.0,0
14803.0,3
14804.0,3
14805.0,3
14806.0,3
14807.0,3
14808.0,1
14809.0,3
14810.0,1
14811.0,3
14812.0,3
14813.0,3
14814.0,3
14815.0,3
14816.0,0
14817.0,1
14818.0,3
14819.0,3
14820.0,3
14821.0,3
14822.0,3
14823.0,3
14824.0,1
14825.0,1
14826.0,3
14827.0,0
14828.0,1
14829.0,1
14830.0,3
14831.0,3
14832.0,0
14833.0,3
14834.0,1
14835.0,0
14836.0,0
14837.0,1
14838.0,3
14839.0,3
14840.0,3
14841.0,1
14842.0,1
14843.0,3
14844.0,1
14845.0,0
14846.0,3
14847.0,1
14848.0,3
14849.0,1
14850.0,1
14851.0,3
14852.0,1
14853.0,3
14854.0,1
14855.0,4
14856.0,3
14857.0,1
14858.0,3
14859.0,1
14860.0,3
14861.0,1
14862.0,3
14863.0,3
14865.0,0
14866.0,4
14867.0,1
14868.0,1
14869.0,1
14870.0,1
14871.0,3
14872.0,3
14873.0,3
14874.0,0
14875.0,1
14876.0,3
14877.0,3
14878.0,1
14879.0,3
14880.0,3
14881.0,3
14882.0,1
14883.0,3
14884.0,3
14885.0,1
14886.0,3
14887.0,4
14888.0,3
14889.0,3
14890.0,3
14891.0,3
14892.0,3
14893.0,1
14894.0,1
14895.0,1
14896.0,1
14897.0,1
14898.0,1
14899.0,4
14900.0,0
14901.0,1
14902.0,1
14903.0,1
14904.0,1
14905.0,1
14906.0,0
14907.0,1
14908.0,3
14909.0,1
14910.0,3
14911.0,4
14912.0,1
14913.0,1
14915.0,1
14916.0,1
14917.0,3
14918.0,1
14919.0,3
14920.0,1
14921.0,1
14922.0,3
14923.0,3
14924.0,3
14926.0,0
14927.0,3
14928.0,3
14929.0,3
14930.0,1
14931.0,3
14932.0,3
14933.0,0
14934.0,1
14935.0,4
14936.0,4
14937.0,3
14938.0,4
14940.0,3
14941.0,3
14942.0,3
14943.0,0
14944.0,1
14945.0,3
14946.0,0
14947.0,3
14948.0,1
14949.0,3
14950.0,3
14951.0,3
14952.0,1
14953.0,1
14954.0,3
14955.0,3
14956.0,3
14957.0,3
14958.0,3
14959.0,3
14960.0,3
14961.0,1
14962.0,3
14963.0,1
14964.0,3
14965.0,3
14966.0,1
14967.0,3
14968.0,3
14969.0,3
14970.0,1
14971.0,1
14972.0,3
14973.0,3
14974.0,3
14975.0,3
14976.0,3
14977.0,0
14978.0,1
14979.0,3
14980.0,3
14981.0,3
14982.0,3
14983.0,3
14984.0,3
14985.0,3
14986.0,3
14987.0,0
14988.0,1
14989.0,3
14990.0,3
14991.0,3
14992.0,3
14993.0,0
14994.0,1
14995.0,3
14996.0,3
14997.0,3
14998.0,3
14999.0,3
15000.0,3
15001.0,3
15002.0,1
15003.0,1
15004.0,4
15005.0,1
15006.0,3
15007.0,3
15008.0,3
15009.0,1
15010.0,3
15011.0,3
15012.0,3
15013.0,3
15014.0,3
15015.0,1
15016.0,3
15017.0,3
15018.0,3
15019.0,3
15020.0,3
15021.0,1
15022.0,3
15023.0,1
15024.0,1
15025.0,3
15026.0,3
15027.0,1
15028.0,3
15029.0,3
15030.0,1
15031.0,1
15032.0,4
15033.0,1
15034.0,1
15035.0,3
15036.0,3
15037.0,3
15038.0,1
15039.0,1
15040.0,0
15041.0,3
15042.0,3
15043.0,3
15044.0,1
15045.0,3
15046.0,1
15047.0,3
15048.0,3
15049.0,0
15050.0,1
15051.0,1
15052.0,3
15053.0,3
15054.0,3
15055.0,3
15056.0,3
15057.0,1
15058.0,1
15059.0,1
15060.0,3
15061.0,4
15062.0,1
15063.0,0
15064.0,3
15065.0,1
15066.0,1
15067.0,1
15068.0,1
15069.0,4
15070.0,3
15071.0,3
15072.0,3
15073.0,1
15074.0,3
15075.0,3
15076.0,1
15077.0,3
15078.0,1
15079.0,1
15080.0,3
15081.0,1
15082.0,0
15083.0,0
15084.0,3
15085.0,3
15086.0,3
15087.0,3
15088.0,1
15089.0,1
15090.0,3
15091.0,1
15092.0,3
15093.0,1
15094.0,0
15095.0,1
15096.0,3
15097.0,1
15098.0,0
15099.0,3
15100.0,0
15101.0,1
15102.0,3
15103.0,3
15104.0,1
15105.0,1
15106.0,1
15107.0,3
15108.0,3
15109.0,3
15110.0,3
15111.0,1
15112.0,3
15113.0,4
15114.0,1
15115.0,3
15116.0,3
15117.0,1
15118.0,0
15119.0,3
15120.0,3
15121.0,3
15122.0,1
15123.0,1
15124.0,3
15125.0,1
15126.0,3
15127.0,3
15128.0,1
15129.0,1
15130.0,3
15131.0,3
15132.0,3
15133.0,3
15134.0,3
15135.0,3
15136.0,1
15137.0,3
15138.0,3
15139.0,3
15140.0,1
15141.0,3
15142.0,1
15143.0,3
15144.0,1
15145.0,3
15146.0,4
15147.0,3
15148.0,3
15149.0,3
15150.0,4
15151.0,3
15152.0,1
15153.0,3
15154.0,1
15155.0,3
15156.0,3
15157.0,1
15158.0,3
15159.0,1
15160.0,3
15161.0,3
15162.0,3
15163.0,3
15164.0,1
15165.0,3
15166.0,3
15167.0,1
15168.0,0
15169.0,3
15170.0,0
15171.0,3
15172.0,1
15173.0,1
15174.0,3
15175.0,3
15176.0,3
15177.0,3
15178.0,0
15179.0,1
15180.0,3
15181.0,1
15182.0,1
15183.0,3
15184.0,3
15185.0,3
15186.0,3
15187.0,1
15188.0,3
15189.0,1
15190.0,4
15191.0,3
15192.0,1
15193.0,3
15194.0,1
15195.0,0
15196.0,3
15197.0,1
15198.0,3
15199.0,3
15200.0,3
15201.0,1
15202.0,0
15203.0,1
15204.0,3
15205.0,3
15206.0,0
15207.0,3
15208.0,3
15209.0,3
15210.0,3
15211.0,3
15212.0,3
15213.0,3
15214.0,1
15215.0,1
15216.0,3
15217.0,3
15218.0,1
15219.0,3
15220.0,1
15221.0,1
15222.0,1
15223.0,1
15224.0,3
15225.0,3
15226.0,3
15227.0,1
15228.0,4
15229.0,3
15230.0,3
15231.0,3
15232.0,3
15233.0,0
15234.0,3
15235.0,1
15236.0,3
15237.0,1
15238.0,3
15239.0,3
15240.0,1
15241.0,1
15242.0,3
15243.0,3
15244.0,3
15245.0,1
15246.0,3
15247.0,3
15248.0,1
15249.0,1
15250.0,0
15251.0,4
15252.0,1
15253.0,1
15254.0,1
15255.0,1
15256.0,3
15257.0,3
15258.0,3
15259.0,3
15260.0,1
15261.0,3
15262.0,3
15263.0,3
15264.0,3
15265.0,1
15266.0,3
15267.0,3
15268.0,3
15269.0,3
15270.0,1
15271.0,1
15272.0,1
15273.0,0
15274.0,3
15275.0,3
15276.0,1
15277.0,3
15278.0,3
15279.0,1
15280.0,3
15281.0,1
15282.0,3
15283.0,3
15284.0,0
15285.0,3
15286.0,0
15287.0,3
15288.0,1
15289.0,1
15290.0,1
15291.0,1
15292.0,3
15293.0,3
15294.0,3
15295.0,3
15296.0,4
15297.0,3
15298.0,1
15299.0,1
15300.0,3
15301.0,1
15302.0,3
15303.0,1
15304.0,0
15305.0,0
15306.0,1
15307.0,3
15308.0,3
15309.0,3
15310.0,4
15311.0,1
15312.0,1
15313.0,0
15314.0,3
15315.0,3
15316.0,0
15317.0,0
15318.0,3
15319.0,3
15320.0,3
15321.0,1
15322.0,1
15323.0,3
15324.0,3
15325.0,1
15326.0,1
15327.0,3
15328.0,3
15329.0,1
15330.0,3
15331.0,3
15332.0,4
15333.0,3
15334.0,3
15335.0,3
15336.0,3
15337.0,3
15338.0,3
15339.0,1
15340.0,3
15341.0,4
15342.0,3
15343.0,3
15344.0,3
15345.0,3
15346.0,3
15347.0,3
15348.0,3
15349.0,3
15350.0,3
15351.0,1
15352.0,3
15353.0,1
15354.0,0
15355.0,3
15356.0,1
15358.0,1
15359.0,0
15360.0,3
15361.0,3
15362.0,3
15363.0,3
15364.0,3
15365.0,1
15366.0,1
15367.0,1
15368.0,3
15369.0,1
15370.0,1
15371.0,0
15372.0,4
15373.0,1
15374.0,3
15375.0,0
15376.0,3
15377.0,3
15378.0,3
15379.0,1
15380.0,1
15381.0,3
15382.0,4
15384.0,1
15385.0,3
15386.0,3
15387.0,3
15388.0,3
15389.0,0
15390.0,3
15391.0,3
15392.0,1
15393.0,3
15394.0,1
15395.0,3
15396.0,3
15397.0,3
15398.0,1
15399.0,3
15400.0,3
15401.0,3
15402.0,1
15403.0,3
15404.0,3
15405.0,3
15406.0,1
15407.0,3
15408.0,3
15409.0,3
15410.0,1
15411.0,1
15412.0,3
15413.0,4
15414.0,3
15415.0,3
15416.0,1
15417.0,3
15418.0,3
15419.0,3
15420.0,3
15421.0,1
15422.0,3
15423.0,3
15424.0,3
15425.0,3
15426.0,1
15427.0,1
15428.0,3
15429.0,3
15430.0,3
15431.0,0
15432.0,3
15433.0,3
15434.0,1
15435.0,3
15436.0,1
15437.0,3
15438.0,3
15439.0,3
15440.0,3
15441.0,3
15442.0,0
15443.0,1
15444.0,1
15445.0,3
15446.0,3
15447.0,3
15448.0,3
15449.0,3
15450.0,3
15451.0,3
15452.0,1
15453.0,1
15454.0,3
15455.0,0
15456.0,1
15457.0,3
15458.0,3
15459.0,0
15460.0,3
15461.0,0
15462.0,3
15463.0,3
15464.0,3
15465.0,1
15466.0,1
15467.0,3
15468.0,1
15469.0,3
15470.0,0
15471.0,3
15472.0,3
15473.0,1
15474.0,3
15475.0,3
15476.0,1
15477.0,0
15478.0,1
15479.0,3
15480.0,1
15481.0,4
15482.0,1
15483.0,3
15484.0,4
15485.0,1
15486.0,0
15487.0,3
15488.0,3
15489.0,1
15490.0,3
15491.0,1
15492.0,3
15493.0,1
15494.0,4
15495.0,3
15496.0,3
15497.0,1
15498.0,1
15499.0,3
15500.0,3
15501.0,3
15502.0,4
15503.0,3
15504.0,3
15505.0,1
15506.0,1
15507.0,3
15508.0,3
15509.0,3
15510.0,0
15511.0,3
15512.0,3
15513.0,1
15514.0,1
15515.0,3
15516.0,3
15517.0,3
15518.0,1
15519.0,3
15520.0,3
15521.0,1
15522.0,3
15523.0,4
15524.0,3
15525.0,1
15526.0,0
15527.0,1
15528.0,3
15529.0,1
15530.0,1
15531.0,4
15532.0,1
15533.0,1
15534.0,3
15535.0,1
15536.0,3
15537.0,3
15538.0,3
15539.0,3
15540.0,3
15541.0,3
15542.0,1
15543.0,3
15544.0,1
15545.0,3
15546.0,3
15547.0,1
15548.0,3
15549.0,1
15550.0,1
15551.0,1
15552.0,3
15553.0,3
15554.0,3
15555.0,1
15556.0,3
15557.0,3
15558.0,3
15559.0,3
15560.0,3
15561.0,1
15562.0,3
15563.0,1
15564.0,0
15565.0,3
15566.0,3
15567.0,3
15568.0,3
15569.0,1
15570.0,1
15571.0,1
15572.0,1
15573.0,1
15574.0,1
15575.0,0
15576.0,3
15577.0,3
15578.0,3
15579.0,1
15580.0,1
15581.0,1
15582.0,3
15583.0,3
15584.0,1
15585.0,3
15586.0,3
15587.0,0
15588.0,3
15589.0,3
15590.0,1
15591.0,0
15592.0,3
15593.0,3
15594.0,1
15595.0,0
15596.0,1
15597.0,3
15598.0,3
15599.0,1
15600.0,3
15601.0,1
15602.0,1
15603.0,0
15604.0,3
15605.0,1
15606.0,1
15607.0,1
15608.0,1
15609.0,3
15610.0,3
15611.0,1
15612.0,0
15613.0,3
15614.0,1
15615.0,1
15616.0,3
15617.0,3
15618.0,3
15619.0,3
15620.0,1
15621.0,3
15622.0,1
15623.0,1
15624.0,3
15625.0,1
15626.0,1
15627.0,3
15628.0,1
15629.0,3
15630.0,1
15631.0,3
15632.0,1
15633.0,1
15634.0,3
15635.0,0
15636.0,3
15637.0,3
15638.0,1
15639.0,1
15640.0,1
15641.0,1
15642.0,3
15643.0,3
15644.0,3
15645.0,3
15646.0,1
15647.0,3
15648.0,3
15649.0,0
15650.0,3
15651.0,3
15652.0,1
15653.0,0
15654.0,3
15655.0,3
15656.0,3
15657.0,0
15658.0,1
15659.0,3
15660.0,1
15661.0,3
15662.0,3
15663.0,3
15664.0,1
15665.0,4
15666.0,3
15667.0,3
15668.0,0
15669.0,3
15670.0,3
15671.0,1
15672.0,0
15673.0,1
15674.0,1
15675.0,3
15676.0,4
15677.0,3
15678.0,1
15679.0,3
15680.0,1
15681.0,1
15682.0,3
15683.0,3
15684.0,3
15685.0,3
15686.0,0
15687.0,1
15688.0,3
15689.0,3
15690.0,3
15691.0,3
15692.0,3
15693.0,0
15694.0,1
15695.0,3
15696.0,1
15697.0,3
15698.0,0
15699.0,3
15700.0,3
15701.0,1
15702.0,3
15703.0,3
15704.0,1
15705.0,3
15706.0,1
15707.0,3
15708.0,1
15709.0,3
15710.0,4
15711.0,3
15712.0,1
15713.0,3
15714.0,3
15715.0,3
15716.0,1
15717.0,3
15718.0,3
15719.0,1
15720.0,3
15721.0,3
15722.0,1
15723.0,3
15724.0,3
15725.0,3
15726.0,3
15727.0,1
15728.0,3
15729.0,3
15730.0,1
15731.0,3
15732.0,1
15733.0,3
15734.0,3
15735.0,3
15736.0,4
15737.0,1
15738.0,1
15739.0,3
15740.0,3
15741.0,3
15742.0,3
15743.0,3
15744.0,0
15745.0,1
15746.0,3
15747.0,1
15748.0,3
15749.0,4
15750.0,1
15751.0,1
15752.0,1
15753.0,0
15754.0,1
15755.0,1
15756.0,3
15757.0,1
15758.0,3
15759.0,0
15760.0,0
15761.0,3
15762.0,3
15763.0,1
15764.0,1
15765.0,3
15766.0,3
15768.0,1
15769.0,4
15770.0,3
15771.0,3
15772.0,3
15773.0,3
15774.0,1
15775.0,3
15776.0,3
15777.0,3
15778.0,3
15779.0,3
15780.0,3
15781.0,3
15782.0,4
15783.0,3
15784.0,3
15785.0,1
15786.0,4
15787.0,3
15788.0,3
15789.0,1
15790.0,3
15791.0,1
15792.0,3
15793.0,1
15794.0,3
15795.0,1
15796.0,1
15797.0,3
15798.0,3
15799.0,1
15800.0,1
15801.0,1
15802.0,0
15803.0,1
15804.0,1
15805.0,1
15806.0,3
15807.0,1
15808.0,1
15809.0,1
15810.0,1
15811.0,1
15812.0,1
15813.0,3
15814.0,1
15815.0,3
15816.0,3
15817.0,4
15818.0,3
15819.0,1
15820.0,3
15821.0,3
15822.0,1
15823.0,4
15824.0,3
15825.0,3
15826.0,1
15827.0,1
15828.0,3
15829.0,3
15830.0,3
15831.0,1
15832.0,3
15833.0,0
15834.0,1
15835.0,3
15836.0,3
15837.0,3
15838.0,4
15839.0,1
15840.0,3
15841.0,1
15842.0,3
15843.0,3
15844.0,3
15845.0,1
15846.0,3
15847.0,3
15848.0,3
15850.0,1
15851.0,0
15852.0,3
15853.0,3
15854.0,1
15855.0,3
15856.0,1
15857.0,3
15858.0,1
15859.0,3
15860.0,1
15861.0,1
15862.0,1
15863.0,3
15864.0,1
15865.0,1
15866.0,3
15867.0,1
15868.0,0
15869.0,3
15870.0,3
15871.0,0
15872.0,3
15873.0,0
15874.0,1
15875.0,3
15876.0,3
15877.0,3
15878.0,3
15879.0,3
15880.0,1
15881.0,3
15882.0,1
15883.0,3
15884.0,0
15885.0,1
15886.0,3
15887.0,3
15888.0,3
15889.0,1
15890.0,3
15891.0,3
15892.0,3
15893.0,0
15894.0,3
15895.0,0
15897.0,3
15898.0,1
15899.0,0
15900.0,1
15901.0,1
15902.0,3
15903.0,1
15904.0,3
15905.0,3
15906.0,1
15907.0,1
15908.0,3
15909.0,3
15910.0,1
15911.0,1
15912.0,3
15913.0,0
15914.0,0
15915.0,3
15916.0,1
15917.0,3
15918.0,3
15919.0,3
15920.0,3
15921.0,3
15922.0,3
15923.0,3
15924.0,3
15925.0,3
15926.0,3
15927.0,3
15928.0,3
15929.0,0
15930.0,3
15931.0,3
15932.0,1
15933.0,3
15934.0,4
15935.0,3
15936.0,3
15937.0,3
15938.0,3
15939.0,1
15940.0,0
15941.0,3
15942.0,3
15943.0,3
15944.0,3
15945.0,3
15946.0,3
15947.0,4
15948.0,1
15949.0,3
15950.0,1
15951.0,1
15952.0,3
15953.0,1
15954.0,3
15955.0,1
15956.0,3
15957.0,3
15958.0,3
15959.0,3
15960.0,3
15961.0,3
15962.0,3
15963.0,3
15964.0,3
15965.0,1
15966.0,3
15967.0,1
15968.0,3
15969.0,1
15970.0,3
15971.0,1
15972.0,3
15973.0,3
15974.0,1
15975.0,3
15976.0,1
15977.0,3
15978.0,4
15979.0,3
15980.0,4
15981.0,1
15982.0,3
15983.0,1
15984.0,1
15985.0,1
15986.0,3
15987.0,3
15988.0,3
15989.0,3
15990.0,1
15991.0,3
15992.0,3
15993.0,1
15994.0,3
15995.0,3
15996.0,1
15998.0,1
15999.0,0
16000.0,4
16001.0,3
16002.0,3
16003.0,1
16004.0,3
16005.0,1
16006.0,3
16007.0,1
16008.0,1
16009.0,3
16010.0,1
16011.0,1
16012.0,1
16013.0,1
16014.0,1
16015.0,1
16016.0,1
16017.0,1
16018.0,3
16019.0,1
16020.0,3
16021.0,3
16022.0,3
16023.0,3
16024.0,3
16025.0,3
16026.0,3
16027.0,1
16028.0,0
16029.0,1
16030.0,3
16031.0,3
16032.0,3
16033.0,1
16034.0,3
16035.0,3
16036.0,1
16037.0,3
16038.0,3
16039.0,3
16040.0,1
16041.0,3
16042.0,1
16043.0,3
16044.0,3
16045.0,1
16046.0,3
16047.0,0
16048.0,3
16049.0,1
16050.0,3
16051.0,3
16052.0,3
16053.0,1
16054.0,1
16055.0,3
16056.0,3
16057.0,1
16058.0,0
16059.0,1
16060.0,3
16061.0,0
16062.0,1
16063.0,3
16064.0,3
16065.0,1
16066.0,3
16067.0,4
16068.0,3
16069.0,3
16070.0,3
16071.0,3
16072.0,4
16073.0,0
16074.0,3
16075.0,3
16076.0,1
16077.0,4
16078.0,3
16079.0,3
16080.0,3
16081.0,1
16082.0,3
16083.0,1
16084.0,3
16085.0,1
16086.0,1
16087.0,0
16088.0,0
16089.0,3
16090.0,3
16091.0,3
16092.0,1
16093.0,0
16094.0,1
16095.0,3
16096.0,3
16097.0,3
16098.0,1
16099.0,1
16100.0,3
16101.0,1
16102.0,3
16103.0,1
16104.0,1
16105.0,1
16106.0,3
16107.0,3
16108.0,1
16109.0,3
16110.0,1
16111.0,3
16112.0,3
16113.0,3
16114.0,3
16115.0,1
16116.0,3
16117.0,3
16118.0,4
16119.0,3
16120.0,1
16121.0,1
16122.0,3
16123.0,3
16124.0,1
16125.0,1
16126.0,4
16127.0,3
16128.0,1
16129.0,3
16130.0,3
16131.0,1
16132.0,3
16133.0,1
16134.0,1
16135.0,3
16136.0,3
16137.0,3
16138.0,3
16139.0,3
16140.0,1
16141.0,3
16142.0,3
16143.0,1
16144.0,0
16145.0,1
16146.0,3
16147.0,1
16148.0,3
16149.0,3
16150.0,1
16152.0,4
16153.0,1
16155.0,3
16156.0,1
16157.0,3
16158.0,3
16159.0,3
16160.0,1
16161.0,1
16162.0,0
16163.0,1
16164.0,3
16165.0,0
16166.0,3
16167.0,1
16168.0,1
16169.0,1
16170.0,1
16171.0,0
16172.0,1
16173.0,1
16174.0,3
16175.0,3
16176.0,1
16177.0,1
16178.0,3
16179.0,3
16180.0,4
16181.0,3
16182.0,1
16183.0,3
16184.0,3
16185.0,3
16186.0,1
16187.0,1
16188.0,1
16189.0,3
16190.0,1
16191.0,1
16192.0,3
16193.0,3
16194.0,3
16195.0,3
16196.0,0
16197.0,3
16198.0,3
16199.0,0
16200.0,1
16201.0,1
16202.0,1
16203.0,3
16204.0,3
16205.0,1
16206.0,1
16207.0,3
16208.0,1
16209.0,3
16210.0,1
16211.0,3
16212.0,1
16213.0,3
16214.0,1
16215.0,3
16216.0,3
16217.0,3
16218.0,1
16219.0,0
16221.0,1
16222.0,3
16223.0,3
16224.0,1
16225.0,1
16226.0,3
16227.0,3
16228.0,3
16229.0,1
16230.0,3
16231.0,3
16232.0,1
16233.0,1
16234.0,3
16235.0,1
16236.0,3
16237.0,3
16238.0,0
16239.0,1
16240.0,4
16241.0,1
16242.0,1
16243.0,3
16244.0,4
16245.0,1
16246.0,3
16247.0,3
16248.0,3
16249.0,1
16250.0,3
16251.0,3
16252.0,3
16253.0,4
16254.0,3
16255.0,1
16256.0,1
16257.0,0
16258.0,1
16259.0,3
16260.0,3
16261.0,3
16262.0,3
16263.0,3
16264.0,3
16265.0,1
16266.0,3
16267.0,3
16268.0,3
16269.0,3
16270.0,4
16271.0,1
16272.0,3
16273.0,3
16274.0,3
16275.0,1
16276.0,3
16277.0,3
16278.0,1
16279.0,1
16280.0,3
16281.0,4
16282.0,3
16283.0,1
16284.0,3
16285.0,3
16286.0,3
16287.0,3
16288.0,3
16289.0,3
16290.0,3
16291.0,0
16292.0,1
16293.0,1
16294.0,3
16295.0,3
16296.0,3
16297.0,3
16298.0,3
16299.0,3
16300.0,3
16301.0,3
16302.0,3
16303.0,4
16304.0,3
16305.0,3
16306.0,1
16307.0,3
16308.0,0
16309.0,3
16310.0,3
16311.0,3
16312.0,3
16313.0,3
16314.0,3
16315.0,3
16316.0,1
16317.0,1
16318.0,3
16319.0,3
16320.0,4
16321.0,3
16322.0,3
16323.0,0
16324.0,3
16325.0,1
16326.0,1
16327.0,1
16328.0,3
16329.0,3
16330.0,3
16331.0,3
16332.0,1
16333.0,1
16334.0,3
16335.0,1
16336.0,1
16337.0,3
16338.0,3
16339.0,3
16340.0,1
16341.0,1
16342.0,3
16343.0,3
16344.0,3
16345.0,3
16346.0,3
16347.0,1
16348.0,1
16349.0,0
16350.0,1
16351.0,1
16352.0,3
16353.0,1
16354.0,3
16355.0,3
16356.0,3
16357.0,3
16358.0,1
16359.0,1
16360.0,1
16361.0,3
16362.0,1
16363.0,3
16364.0,3
16365.0,1
16366.0,1
16367.0,1
16368.0,3
16369.0,1
16370.0,1
16371.0,3
16372.0,1
16373.0,3
16374.0,1
16375.0,3
16376.0,1
16377.0,3
16378.0,3
16379.0,1
16380.0,4
16381.0,3
16382.0,3
16383.0,1
16384.0,3
16385.0,3
16386.0,1
16387.0,3
16388.0,3
16389.0,1
16390.0,3
16391.0,1
16392.0,3
16393.0,1
16394.0,1
16395.0,1
16396.0,3
16397.0,3
16398.0,1
16399.0,3
16400.0,1
16401.0,1
16402.0,3
16403.0,3
16404.0,3
16405.0,0
16406.0,3
16407.0,1
16408.0,3
16409.0,1
16410.0,3
16411.0,3
16412.0,3
16413.0,3
16414.0,3
16415.0,3
16416.0,1
16417.0,0
16418.0,3
16419.0,1
16420.0,0
16421.0,3
16422.0,1
16423.0,3
16424.0,3
16425.0,3
16426.0,1
16427.0,3
16428.0,3
16429.0,0
16430.0,3
16431.0,3
16432.0,3
16433.0,3
16434.0,1
16435.0,3
16436.0,3
16437.0,3
16438.0,3
16439.0,3
16440.0,1
16441.0,3
16442.0,1
16443.0,0
16444.0,1
16445.0,3
16446.0,0
16447.0,3
16448.0,3
16449.0,3
16450.0,1
16451.0,3
16452.0,3
16453.0,3
16454.0,0
16455.0,1
16456.0,1
16457.0,3
16458.0,1
16459.0,0
16460.0,3
16461.0,1
16462.0,0
16463.0,1
16464.0,1
16465.0,3
16466.0,1
16467.0,3
16468.0,3
16469.0,3
16470.0,1
16471.0,3
16472.0,3
16473.0,3
16474.0,1
16475.0,3
16476.0,3
16477.0,1
16478.0,3
16479.0,3
16480.0,3
16481.0,3
16482.0,3
16483.0,3
16484.0,3
16485.0,1
16486.0,3
16487.0,3
16488.0,3
16489.0,0
16490.0,3
16491.0,1
16492.0,3
16493.0,1
16494.0,3
16495.0,3
16496.0,1
16497.0,1
16498.0,3
16499.0,1
16500.0,3
16501.0,4
16502.0,3
16503.0,1
16504.0,3
16505.0,3
16506.0,0
16507.0,3
16508.0,3
16509.0,3
16510.0,3
16511.0,1
16513.0,3
16515.0,1
16516.0,3
16517.0,3
16518.0,1
16519.0,3
16520.0,1
16521.0,3
16522.0,3
16523.0,1
16524.0,3
16525.0,1
16526.0,3
16527.0,1
16528.0,3
16529.0,3
16530.0,0
16531.0,1
16532.0,0
16533.0,1
16534.0,3
16535.0,3
16536.0,3
16537.0,0
16538.0,3
16539.0,1
16540.0,3
16541.0,3
16542.0,3
16543.0,3
16544.0,0
16545.0,3
16546.0,4
16547.0,3
16548.0,0
16549.0,1
16550.0,1
16551.0,1
16552.0,3
16553.0,1
16554.0,1
16555.0,1
16556.0,1
16557.0,3
16558.0,1
16559.0,3
16560.0,1
16561.0,3
16562.0,3
16563.0,1
16564.0,0
16565.0,0
16566.0,3
16567.0,3
16568.0,3
16569.0,3
16570.0,1
16571.0,1
16572.0,3
16573.0,3
16574.0,1
16576.0,3
16577.0,3
16578.0,3
16579.0,3
16581.0,3
16582.0,3
16583.0,3
16584.0,1
16585.0,3
16586.0,3
16587.0,3
16588.0,3
16589.0,3
16590.0,3
16591.0,3
16592.0,1
16593.0,3
16594.0,3
16595.0,1
16596.0,3
16597.0,3
16598.0,3
16599.0,3
16600.0,1
16601.0,3
16602.0,3
16603.0,3
16604.0,3
16605.0,0
16606.0,3
16607.0,1
16608.0,3
16609.0,1
16610.0,3
16611.0,1
16612.0,1
16613.0,3
16614.0,3
16615.0,3
16616.0,3
16617.0,0
16618.0,1
16619.0,1
16620.0,1
16621.0,3
16622.0,3
16623.0,3
16624.0,3
16625.0,1
16626.0,1
16627.0,3
16628.0,1
16629.0,3
16630.0,0
16631.0,3
16632.0,3
16633.0,1
16634.0,1
16635.0,3
16636.0,4
16637.0,1
16638.0,1
16639.0,1
16640.0,3
16641.0,3
16642.0,1
16643.0,3
16644.0,3
16645.0,3
16646.0,3
16647.0,3
16648.0,3
16649.0,3
16650.0,1
16651.0,3
16652.0,4
16653.0,1
16654.0,1
16655.0,1
16656.0,1
16657.0,1
16658.0,3
16659.0,0
16660.0,1
16661.0,3
16662.0,3
16663.0,0
16664.0,3
16665.0,3
16666.0,3
16667.0,3
16668.0,3
16669.0,1
16670.0,1
16671.0,3
16672.0,1
16673.0,3
16674.0,3
16675.0,3
16676.0,1
16677.0,3
16678.0,1
16679.0,3
16680.0,3
16681.0,3
16682.0,3
16683.0,3
16684.0,4
16685.0,3
16686.0,1
16687.0,3
16688.0,3
16689.0,3
16690.0,3
16691.0,3
16692.0,0
16693.0,3
16694.0,0
16695.0,3
16696.0,3
16697.0,3
16698.0,3
16699.0,3
16700.0,1
16701.0,1
16702.0,3
16704.0,3
16705.0,4
16706.0,3
16707.0,3
16708.0,3
16709.0,1
16710.0,1
16711.0,1
16712.0,1
16713.0,1
16714.0,1
16715.0,3
16716.0,1
16717.0,1
16718.0,1
16719.0,1
16720.0,1
16721.0,3
16722.0,1
16723.0,3
16724.0,3
16725.0,1
16726.0,1
16727.0,3
16728.0,1
16729.0,1
16730.0,1
16731.0,3
16732.0,4
16733.0,3
16734.0,3
16735.0,1
16736.0,1
16737.0,0
16738.0,0
16739.0,3
16740.0,3
16741.0,3
16742.0,1
16743.0,1
16744.0,1
16745.0,1
16746.0,1
16747.0,3
16748.0,1
16749.0,4
16750.0,3
16751.0,4
16752.0,3
16753.0,3
16754.0,4
16755.0,1
16756.0,1
16757.0,3
16758.0,3
16759.0,3
16760.0,3
16761.0,3
16762.0,3
16763.0,3
16764.0,1
16765.0,3
16766.0,3
16767.0,1
16768.0,1
16769.0,3
16770.0,1
16771.0,1
16772.0,1
16773.0,3
16774.0,1
16775.0,1
16776.0,3
16777.0,1
16778.0,3
16779.0,1
16780.0,3
16781.0,3
16782.0,1
16783.0,3
16784.0,3
16785.0,3
16786.0,0
16787.0,3
16788.0,1
16789.0,3
16790.0,1
16791.0,1
16792.0,3
16793.0,3
16794.0,1
16795.0,1
16796.0,3
16797.0,1
16798.0,3
16799.0,3
16800.0,4
16801.0,1
16802.0,3
16803.0,3
16804.0,3
16805.0,1
16806.0,3
16807.0,1
16808.0,3
16809.0,1
16810.0,3
16811.0,3
16812.0,1
16813.0,1
16814.0,1
16815.0,3
16816.0,3
16817.0,1
16818.0,1
16819.0,3
16820.0,3
16821.0,3
16822.0,3
16823.0,1
16824.0,3
16825.0,3
16826.0,3
16827.0,0
16828.0,3
16829.0,3
16830.0,1
16831.0,3
16832.0,3
16833.0,1
16834.0,3
16835.0,1
16836.0,3
16837.0,1
16838.0,3
16839.0,1
16840.0,3
16841.0,1
16842.0,3
16843.0,4
16844.0,3
16845.0,3
16846.0,3
16847.0,3
16848.0,3
16849.0,3
16850.0,3
16851.0,3
16852.0,3
16854.0,3
16855.0,3
16856.0,3
16857.0,3
16858.0,1
16859.0,1
16860.0,3
16861.0,3
16862.0,3
16863.0,1
16864.0,3
16865.0,3
16866.0,0
16867.0,0
16868.0,3
16869.0,1
16870.0,3
16871.0,1
16872.0,3
16873.0,4
16874.0,3
16875.0,1
16876.0,3
16877.0,3
16878.0,0
16880.0,1
16881.0,0
16882.0,3
16883.0,1
16884.0,3
16885.0,3
16886.0,3
16887.0,3
16888.0,3
16889.0,1
16890.0,3
16891.0,1
16892.0,1
16893.0,3
16894.0,1
16895.0,3
16896.0,3
16897.0,3
16898.0,1
16899.0,1
16900.0,1
16901.0,3
16902.0,4
16903.0,1
16904.0,1
16905.0,1
16906.0,1
16907.0,3
16908.0,3
16909.0,3
16910.0,1
16911.0,3
16912.0,1
16913.0,3
16914.0,3
16915.0,3
16916.0,1
16917.0,1
16918.0,1
16919.0,1
16920.0,3
16921.0,3
16922.0,3
16923.0,1
16924.0,1
16925.0,3
16926.0,3
16927.0,0
16928.0,1
16929.0,3
16930.0,3
16931.0,1
16932.0,3
16933.0,1
16934.0,1
16935.0,3
16936.0,3
16937.0,3
16938.0,1
16939.0,3
16940.0,1
16941.0,0
16942.0,1
16943.0,3
16944.0,3
16945.0,1
16946.0,3
16947.0,3
16948.0,3
16949.0,1
16950.0,1
16951.0,1
16952.0,3
16953.0,0
16954.0,1
16955.0,1
16956.0,3
16957.0,3
16958.0,3
16959.0,3
16960.0,1
16961.0,3
16962.0,3
16963.0,3
16964.0,0
16965.0,3
16966.0,3
16967.0,3
16968.0,3
16969.0,3
16970.0,0
16971.0,3
16972.0,3
16973.0,3
16974.0,3
16975.0,3
16976.0,0
16977.0,3
16978.0,3
16979.0,1
16980.0,3
16982.0,3
16983.0,1
16984.0,4
16985.0,1
16986.0,1
16987.0,1
16988.0,3
16989.0,3
16990.0,0
16991.0,4
16992.0,1
16993.0,1
16996.0,1
16997.0,3
16998.0,0
16999.0,3
17000.0,3
17001.0,1
17002.0,1
17003.0,3
17004.0,1
17005.0,3
17006.0,3
17007.0,1
17008.0,0
17009.0,3
17010.0,3
17011.0,3
17012.0,3
17014.0,3
17015.0,4
17016.0,3
17017.0,1
17018.0,3
17019.0,1
17020.0,3
17021.0,3
17022.0,3
17023.0,3
17024.0,0
17025.0,3
17026.0,0
17027.0,1
17028.0,3
17029.0,3
17030.0,3
17031.0,1
17032.0,1
17033.0,3
17034.0,1
17035.0,3
17036.0,3
17037.0,4
17038.0,3
17039.0,4
17040.0,3
17041.0,1
17042.0,3
17043.0,1
17044.0,4
17045.0,3
17046.0,1
17047.0,1
17048.0,1
17049.0,1
17050.0,1
17051.0,3
17052.0,3
17053.0,3
17054.0,1
17055.0,3
17056.0,0
17057.0,3
17058.0,3
17059.0,1
17060.0,0
17061.0,1
17062.0,3
17063.0,1
17064.0,3
17065.0,0
17066.0,3
17067.0,3
17068.0,1
17069.0,1
17070.0,3
17071.0,1
17072.0,3
17073.0,1
17074.0,0
17075.0,1
17076.0,3
17077.0,0
17078.0,3
17079.0,0
17080.0,3
17081.0,3
17082.0,1
17083.0,1
17084.0,4
17085.0,1
17086.0,1
17087.0,3
17088.0,1
17089.0,0
17090.0,1
17091.0,1
17092.0,1
17093.0,3
17094.0,3
17095.0,1
17096.0,1
17097.0,1
17098.0,3
17099.0,3
17100.0,1
17101.0,1
17102.0,0
17103.0,3
17104.0,3
17105.0,3
17106.0,3
17107.0,4
17108.0,3
17109.0,1
17110.0,3
17111.0,3
17112.0,3
17113.0,1
17114.0,1
17115.0,1
17116.0,3
17117.0,3
17118.0,3
17119.0,3
17120.0,3
17121.0,3
17122.0,3
17123.0,3
17124.0,3
17125.0,3
17126.0,1
17127.0,3
17128.0,3
17129.0,0
17131.0,1
17132.0,3
17133.0,1
17134.0,3
17135.0,1
17136.0,3
17137.0,3
17138.0,1
17139.0,1
17140.0,3
17141.0,3
17142.0,3
17143.0,3
17144.0,3
17145.0,4
17146.0,1
17147.0,1
17148.0,3
17149.0,3
17150.0,3
17151.0,3
17152.0,3
17153.0,3
17154.0,3
17155.0,3
17156.0,3
17157.0,1
17158.0,1
17159.0,1
17160.0,1
17161.0,3
17162.0,1
17163.0,3
17164.0,1
17165.0,1
17166.0,3
17167.0,3
17168.0,3
17169.0,1
17170.0,3
17171.0,3
17172.0,1
17173.0,1
17174.0,0
17175.0,1
17176.0,3
17177.0,3
17178.0,3
17179.0,3
17180.0,1
17181.0,3
17182.0,0
17183.0,1
17184.0,3
17185.0,3
17186.0,0
17187.0,3
17188.0,1
17189.0,3
17190.0,1
17191.0,1
17192.0,3
17193.0,1
17194.0,3
17195.0,3
17196.0,3
17197.0,3
17198.0,3
17199.0,3
17200.0,3
17201.0,1
17202.0,3
17203.0,1
17204.0,1
17205.0,3
17206.0,3
17207.0,3
17208.0,3
17209.0,3
17210.0,3
17211.0,1
17212.0,3
17213.0,1
17214.0,1
17215.0,3
17216.0,3
17217.0,3
17218.0,1
17219.0,3
17220.0,1
17221.0,3
17222.0,1
17223.0,3
17224.0,0
17225.0,0
17226.0,3
17227.0,3
17228.0,1
17229.0,3
17230.0,1
17231.0,1
17232.0,3
17233.0,3
17234.0,3
17235.0,3
17236.0,1
17237.0,3
17238.0,1
17239.0,3
17240.0,3
17241.0,1
17242.0,1
17243.0,1
17244.0,1
17245.0,3
17246.0,0
17247.0,3
17248.0,3
17249.0,3
17250.0,3
17251.0,3
17252.0,3
17253.0,3
17254.0,3
17255.0,3
17256.0,0
17257.0,3
17258.0,3
17259.0,1
17260.0,0
17261.0,3
17262.0,3
17263.0,3
17264.0,3
17265.0,3
17266.0,3
17267.0,3
17268.0,3
17269.0,3
17270.0,3
17271.0,3
17272.0,1
17273.0,3
17274.0,3
17275.0,3
17276.0,3
17277.0,3
17278.0,3
17279.0,3
17280.0,3
17281.0,0
17282.0,1
17283.0,3
17284.0,1
17285.0,3
17286.0,3
17287.0,1
17288.0,1
17289.0,1
17290.0,1
17291.0,0
17292.0,3
17293.0,1
17294.0,3
17295.0,3
17296.0,3
17297.0,3
17298.0,3
17299.0,3
17300.0,3
17301.0,3
17302.0,1
17303.0,3
17304.0,0
17305.0,4
17306.0,1
17307.0,1
17308.0,3
17309.0,3
17310.0,0
17311.0,1
17312.0,0
17313.0,4
17314.0,1
17315.0,1
17316.0,3
17317.0,1
17318.0,3
17319.0,0
17320.0,1
17321.0,1
17322.0,3
17323.0,1
17324.0,1
17325.0,3
17326.0,3
17327.0,0
17328.0,0
17329.0,3
17330.0,3
17331.0,0
17332.0,3
17333.0,3
17334.0,3
17335.0,3
17336.0,0
17337.0,1
17338.0,1
17339.0,3
17340.0,4
17341.0,1
17342.0,3
17343.0,3
17344.0,3
17345.0,1
17346.0,1
17347.0,0
17348.0,1
17349.0,3
17350.0,1
17351.0,3
17352.0,0
17353.0,1
17354.0,4
17355.0,3
17356.0,3
17357.0,3
17358.0,3
17359.0,3
17360.0,1
17361.0,3
17362.0,3
17363.0,3
17364.0,1
17365.0,1
17366.0,3
17367.0,3
17368.0,1
17369.0,0
17370.0,3
17371.0,3
17372.0,1
17373.0,3
17374.0,3
17375.0,3
17376.0,3
17377.0,1
17378.0,0
17379.0,3
17380.0,3
17381.0,1
17382.0,3
17383.0,3
17384.0,0
17385.0,3
17386.0,1
17387.0,3
17388.0,3
17389.0,1
17390.0,0
17391.0,0
17392.0,3
17393.0,3
17394.0,0
17395.0,0
17396.0,1
17397.0,1
17398.0,3
17400.0,1
17401.0,3
17402.0,1
17403.0,3
17404.0,4
17405.0,1
17406.0,1
17407.0,3
17408.0,3
17409.0,1
17410.0,3
17411.0,1
17412.0,1
17413.0,3
17414.0,3
17415.0,3
17416.0,1
17417.0,3
17418.0,3
17419.0,1
17420.0,3
17421.0,3
17422.0,1
17423.0,1
17425.0,3
17426.0,1
17427.0,0
17428.0,1
17429.0,1
17430.0,3
17431.0,3
17432.0,1
17433.0,3
17434.0,1
17435.0,3
17436.0,3
17437.0,3
17438.0,3
17439.0,3
17440.0,0
17441.0,3
17442.0,1
17443.0,0
17444.0,4
17446.0,3
17447.0,3
17448.0,1
17449.0,1
17450.0,4
17451.0,1
17453.0,3
17454.0,1
17455.0,3
17456.0,3
17457.0,1
17458.0,3
17459.0,3
17460.0,1
17461.0,3
17462.0,3
17463.0,1
17464.0,3
17465.0,1
17466.0,3
17467.0,0
17468.0,3
17469.0,1
17470.0,1
17471.0,3
17472.0,3
17473.0,3
17474.0,3
17475.0,3
17476.0,3
17477.0,3
17478.0,3
17479.0,3
17480.0,3
17481.0,1
17482.0,3
17483.0,3
17484.0,3
17486.0,3
17487.0,3
17488.0,3
17489.0,3
17490.0,1
17491.0,1
17492.0,3
17493.0,3
17494.0,0
17495.0,3
17496.0,3
17497.0,3
17498.0,3
17499.0,1
17500.0,0
17501.0,3
17502.0,3
17503.0,3
17504.0,1
17505.0,1
17506.0,3
17507.0,3
17508.0,1
17509.0,1
17510.0,3
17511.0,4
17512.0,1
17513.0,3
17514.0,3
17515.0,1
17516.0,3
17517.0,3
17518.0,3
17519.0,1
17520.0,3
17521.0,3
17522.0,3
17523.0,3
17524.0,3
17525.0,3
17526.0,1
17527.0,1
17528.0,1
17529.0,3
17530.0,1
17531.0,1
17532.0,0
17533.0,0
17534.0,3
17535.0,3
17536.0,3
17537.0,3
17538.0,3
17539.0,1
17540.0,1
17541.0,3
17542.0,3
17543.0,3
17544.0,3
17545.0,1
17547.0,3
17548.0,3
17549.0,0
17550.0,1
17551.0,3
17552.0,1
17553.0,0
17554.0,1
17555.0,1
17556.0,3
17557.0,3
17558.0,3
17559.0,3
17560.0,3
17561.0,3
17562.0,1
17563.0,3
17564.0,3
17565.0,3
17566.0,3
17567.0,1
17568.0,3
17569.0,3
17570.0,0
17571.0,1
17572.0,3
17573.0,3
17574.0,3
17575.0,3
17576.0,1
17577.0,3
17578.0,3
17579.0,3
17580.0,3
17581.0,1
17582.0,3
17583.0,3
17584.0,1
17585.0,1
17586.0,3
17587.0,3
17588.0,1
17589.0,1
17590.0,1
17591.0,1
17592.0,3
17593.0,1
17594.0,1
17595.0,3
17596.0,1
17597.0,1
17598.0,3
17599.0,0
17600.0,3
17601.0,3
17602.0,1
17603.0,1
17604.0,3
17605.0,3
17606.0,0
17607.0,3
17608.0,3
17609.0,1
17610.0,1
17611.0,1
17612.0,1
17613.0,1
17614.0,3
17615.0,3
17616.0,0
17617.0,3
17618.0,1
17619.0,3
17620.0,0
17621.0,1
17622.0,3
17623.0,1
17624.0,1
17625.0,1
17626.0,3
17627.0,3
17628.0,3
17629.0,1
17630.0,3
17631.0,3
17633.0,1
17634.0,1
17635.0,3
17636.0,3
17637.0,3
17638.0,0
17639.0,3
17640.0,1
17642.0,1
17643.0,3
17644.0,1
17646.0,1
17647.0,3
17648.0,1
17649.0,1
17650.0,3
17651.0,1
17652.0,1
17653.0,1
17654.0,3
17655.0,1
17656.0,1
17657.0,3
17658.0,3
17659.0,1
17660.0,3
17662.0,3
17663.0,1
17664.0,3
17665.0,3
17666.0,3
17667.0,1
17668.0,3
17669.0,1
17670.0,3
17671.0,1
17672.0,1
17673.0,1
17674.0,3
17675.0,1
17676.0,1
17677.0,1
17678.0,3
17679.0,1
17680.0,3
17681.0,3
17682.0,1
17683.0,3
17684.0,3
17685.0,1
17686.0,1
17687.0,3
17688.0,3
17689.0,3
17690.0,1
17691.0,3
17692.0,1
17693.0,3
17694.0,1
17695.0,1
17696.0,1
17697.0,3
17698.0,3
17699.0,3
17700.0,1
17701.0,3
17702.0,1
17703.0,3
17704.0,3
17705.0,1
17706.0,1
17707.0,0
17708.0,3
17709.0,3
17710.0,3
17711.0,3
17712.0,3
17713.0,3
17714.0,1
17715.0,0
17716.0,1
17717.0,3
17718.0,3
17719.0,1
17720.0,1
17721.0,3
17722.0,4
17723.0,0
17724.0,3
17725.0,1
17726.0,3
17727.0,4
17728.0,1
17729.0,3
17730.0,1
17731.0,1
17732.0,1
17733.0,3
17734.0,3
17735.0,1
17736.0,3
17737.0,3
17738.0,1
17739.0,1
17740.0,0
17741.0,0
17742.0,3
17743.0,0
17744.0,1
17745.0,3
17746.0,3
17747.0,0
17748.0,3
17749.0,3
17750.0,1
17751.0,3
17752.0,0
17753.0,3
17754.0,1
17756.0,3
17757.0,1
17758.0,1
17759.0,1
17760.0,3
17761.0,3
17762.0,3
17763.0,0
17764.0,1
17765.0,3
17766.0,3
17767.0,3
17768.0,1
17769.0,1
17770.0,3
17771.0,3
17772.0,3
17773.0,3
17774.0,1
17775.0,0
17776.0,3
17777.0,3
17778.0,3
17779.0,3
17780.0,3
17781.0,0
17782.0,3
17783.0,3
17784.0,3
17785.0,3
17786.0,3
17787.0,1
17788.0,0
17789.0,3
17790.0,1
17791.0,3
17792.0,3
17793.0,3
17794.0,0
17795.0,3
17796.0,1
17797.0,1
17798.0,3
17799.0,1
17800.0,3
17801.0,3
17802.0,1
17803.0,3
17804.0,3
17805.0,3
17806.0,3
17807.0,3
17808.0,3
17809.0,1
17810.0,3
17811.0,1
17812.0,1
17813.0,1
17814.0,1
17815.0,3
17816.0,3
17817.0,3
17818.0,3
17819.0,1
17820.0,3
17821.0,3
17822.0,1
17823.0,3
17824.0,3
17825.0,3
17826.0,3
17827.0,1
17828.0,1
17829.0,4
17830.0,3
17831.0,0
17832.0,3
17833.0,3
17834.0,3
17835.0,3
17836.0,3
17837.0,1
17838.0,1
17839.0,3
17840.0,3
17841.0,1
17842.0,3
17843.0,3
17844.0,0
17845.0,3
17846.0,0
17847.0,0
17848.0,1
17849.0,3
17850.0,1
17851.0,3
17852.0,3
17853.0,3
17854.0,3
17855.0,3
17856.0,3
17857.0,1
17858.0,1
17859.0,3
17860.0,3
17861.0,1
17862.0,3
17863.0,1
17864.0,3
17865.0,1
17866.0,3
17867.0,1
17868.0,3
17869.0,3
17870.0,1
17871.0,3
17872.0,3
17873.0,1
17874.0,3
17875.0,3
17876.0,3
17877.0,3
17878.0,1
17879.0,0
17880.0,3
17881.0,3
17882.0,3
17883.0,1
17884.0,1
17885.0,3
17886.0,1
17887.0,3
17888.0,1
17889.0,3
17890.0,3
17891.0,3
17892.0,3
17893.0,3
17894.0,1
17895.0,3
17896.0,0
17897.0,1
17898.0,3
17899.0,3
17900.0,0
17901.0,3
17902.0,3
17903.0,3
17904.0,3
17905.0,1
17906.0,3
17907.0,3
17908.0,1
17909.0,3
17910.0,3
17911.0,3
17912.0,3
17913.0,1
17914.0,3
17915.0,3
17916.0,0
17917.0,3
17918.0,3
17919.0,4
17920.0,1
17921.0,1
17922.0,3
17923.0,0
17924.0,1
17925.0,0
17926.0,3
17927.0,3
17928.0,3
17929.0,3
17930.0,1
17931.0,1
17932.0,1
17933.0,3
17934.0,3
17935.0,3
17936.0,3
17937.0,1
17938.0,3
17939.0,3
17940.0,1
17941.0,3
17942.0,0
17944.0,3
17945.0,3
17946.0,3
17947.0,3
17948.0,0
17949.0,1
17950.0,1
17951.0,1
17952.0,3
17953.0,3
17954.0,1
17955.0,3
17956.0,0
17957.0,3
17958.0,3
17959.0,0
17960.0,3
17961.0,1
17962.0,1
17963.0,3
17964.0,3
17965.0,1
17966.0,1
17967.0,3
17968.0,3
17969.0,1
17970.0,3
17971.0,3
17972.0,3
17973.0,3
17974.0,1
17975.0,1
17976.0,3
17977.0,4
17978.0,3
17979.0,1
17980.0,3
17981.0,3
17982.0,3
17983.0,3
17984.0,1
17985.0,3
17986.0,0
17987.0,1
17988.0,3
17989.0,3
17990.0,3
17991.0,3
17992.0,3
17993.0,3
17994.0,1
17995.0,3
17996.0,3
17997.0,1
17998.0,3
17999.0,3
18000.0,0
18001.0,3
18002.0,3
18003.0,3
18004.0,3
18005.0,3
18006.0,3
18007.0,3
18008.0,1
18009.0,1
18010.0,3
18011.0,3
18012.0,3
18013.0,3
18014.0,3
18015.0,3
18016.0,1
18017.0,0
18018.0,3
18019.0,0
18020.0,3
18021.0,3
18022.0,1
18024.0,3
18025.0,3
18026.0,3
18027.0,3
18028.0,0
18029.0,3
18030.0,3
18031.0,3
18032.0,0
18033.0,3
18034.0,1
18035.0,3
18036.0,1
18037.0,3
18038.0,3
18039.0,3
18040.0,3
18041.0,1
18042.0,3
18043.0,3
18044.0,1
18045.0,3
18046.0,3
18047.0,3
18048.0,3
18049.0,3
18050.0,3
18051.0,3
18052.0,4
18053.0,3
18054.0,3
18055.0,1
18056.0,3
18057.0,3
18058.0,3
18059.0,3
18060.0,3
18061.0,1
18062.0,1
18063.0,0
18064.0,1
18065.0,1
18066.0,3
18067.0,3
18068.0,0
18069.0,1
18070.0,3
18071.0,3
18072.0,3
18073.0,1
18074.0,3
18075.0,1
18076.0,0
18077.0,1
18078.0,3
18079.0,4
18080.0,0
18081.0,3
18082.0,3
18083.0,3
18084.0,3
18085.0,3
18086.0,3
18087.0,1
18088.0,3
18089.0,3
18090.0,3
18091.0,3
18092.0,1
18093.0,1
18094.0,1
18095.0,3
18096.0,1
18097.0,1
18098.0,3
18099.0,3
18100.0,3
18101.0,3
18102.0,4
18103.0,0
18104.0,3
18105.0,3
18106.0,3
18107.0,3
18108.0,3
18109.0,1
18110.0,3
18111.0,3
18112.0,3
18113.0,0
18114.0,3
18115.0,0
18116.0,1
18117.0,3
18118.0,1
18119.0,3
18120.0,3
18121.0,3
18122.0,1
18123.0,3
18124.0,3
18125.0,1
18126.0,3
18127.0,3
18128.0,3
18129.0,3
18130.0,1
18131.0,0
18132.0,3
18133.0,0
18134.0,3
18135.0,3
18136.0,1
18137.0,3
18138.0,3
18139.0,4
18140.0,3
18141.0,3
18142.0,3
18143.0,3
18144.0,1
18145.0,1
18146.0,3
18147.0,3
18148.0,3
18149.0,3
18150.0,3
18151.0,1
18152.0,3
18153.0,3
18154.0,3
18155.0,3
18156.0,3
18157.0,3
18158.0,3
18159.0,3
18160.0,3
18161.0,1
18162.0,3
18163.0,3
18164.0,3
18165.0,3
18166.0,3
18167.0,3
18168.0,1
18169.0,3
18170.0,1
18171.0,1
18172.0,1
18173.0,1
18174.0,0
18175.0,3
18176.0,3
18177.0,1
18178.0,1
18179.0,1
18180.0,1
18181.0,1
18182.0,3
18183.0,3
18184.0,0
18185.0,3
18186.0,3
18187.0,3
18188.0,1
18189.0,1
18190.0,3
18191.0,3
18192.0,3
18193.0,1
18194.0,1
18195.0,0
18196.0,1
18197.0,3
18198.0,1
18199.0,3
18200.0,3
18201.0,3
18202.0,3
18203.0,3
18204.0,1
18205.0,3
18206.0,3
18207.0,3
18208.0,3
18209.0,3
18210.0,1
18211.0,3
18212.0,3
18213.0,3
18214.0,1
18215.0,1
18216.0,3
18217.0,3
18218.0,3
18219.0,1
18220.0,1
18221.0,1
18222.0,3
18223.0,1
18224.0,3
18225.0,1
18226.0,1
18227.0,3
18228.0,3
18229.0,1
18230.0,1
18231.0,1
18232.0,3
18233.0,0
18234.0,3
18235.0,1
18236.0,1
18237.0,3
18238.0,3
18239.0,1
18240.0,0
18241.0,1
18242.0,1
18243.0,3
18244.0,3
18245.0,1
18246.0,3
18247.0,3
18248.0,3
18249.0,3
18250.0,3
18251.0,4
18252.0,1
18253.0,3
18254.0,3
18255.0,3
18256.0,3
18257.0,1
18258.0,1
18259.0,1
18260.0,1
18261.0,3
18262.0,3
18263.0,1
18264.0,3
18265.0,3
18266.0,3
18267.0,3
18268.0,1
18269.0,3
18270.0,3
18271.0,3
18272.0,1
18273.0,0
18274.0,3
18275.0,3
18276.0,1
18277.0,1
18278.0,3
18279.0,3
18280.0,3
18281.0,3
18282.0,3
18283.0,1
18284.0,3
18285.0,3
18286.0,1
18287.0,1
,2
